"contour","area_SqKm"
1,231.977387007696
2,39.5742975690615
